"No","학과명","학교명","구분","학교종류","학교지역","소재지","소재지(상세)","설립구분","주야구분","학과특성","표준분류계열(대)","표준분류계열(중)","표준분류계열(소)","관심"
"1","AI게임소프트웨어학과(주간)","명지전문대학","본교","전문대학","서울","서울","서대문구","사립","주간","일반과정","공학","전기ㆍ전자ㆍ컴퓨터","응용소프트웨어공학",""
"2","AI게임융합학과(주간)","서일대학교","본교","전문대학","서울","서울","중랑구","사립","주간","일반과정","공학","전기ㆍ전자ㆍ컴퓨터","응용소프트웨어공학",""
"3","AI응용소프트웨어과(야간)","동서울대학교","본교","전문대학","경기","경기","성남시","사립","야간","계약학과","공학","전기ㆍ전자ㆍ컴퓨터","응용소프트웨어공학",""
"4","IT콘텐츠융합과(주간)","한양여자대학교","본교","전문대학","서울","서울","성동구","사립","주간","일반과정","공학","전기ㆍ전자ㆍ컴퓨터","응용소프트웨어공학",""
"5","IT콘텐츠융합학과(야간)","한양여자대학교","본교","전문대학","서울","서울","성동구","사립","야간","학사학위전공심화(경력없음)","공학","전기ㆍ전자ㆍ컴퓨터","응용소프트웨어공학",""
"6","게임영상학과(주간)","울산과학대학교","본교","전문대학","울산","울산","동구","사립","주간","일반과정","공학","전기ㆍ전자ㆍ컴퓨터","응용소프트웨어공학",""
"7","게임콘텐츠과(3년제)(주간)","김포대학교","본교","전문대학","경기","경기","김포시","사립","주간","일반과정","공학","전기ㆍ전자ㆍ컴퓨터","응용소프트웨어공학",""
"8","게임콘텐츠과(3년제)(주간)","연성대학교","본교","전문대학","경기","경기","안양시","사립","주간","일반과정","공학","전기ㆍ전자ㆍ컴퓨터","응용소프트웨어공학",""
"9","게임콘텐츠과(3년제)(주간)","장안대학교","본교","전문대학","경기","경기","화성시","사립","주간","일반과정","공학","전기ㆍ전자ㆍ컴퓨터","응용소프트웨어공학",""
"10","게임콘텐츠과(야간)","경민대학교","본교","전문대학","경기","경기","의정부시","사립","야간","산업체위탁","공학","전기ㆍ전자ㆍ컴퓨터","응용소프트웨어공학",""
"11","게임콘텐츠과(주간)","경민대학교","본교","전문대학","경기","경기","의정부시","사립","주간","일반과정","공학","전기ㆍ전자ㆍ컴퓨터","응용소프트웨어공학",""
"12","게임콘텐츠과(주간)","동서울대학교","본교","전문대학","경기","경기","성남시","사립","주간","일반과정","공학","전기ㆍ전자ㆍ컴퓨터","응용소프트웨어공학",""
"13","게임콘텐츠스쿨(주간)","구미대학교","본교","전문대학","경북","경북","구미시","사립","주간","계약학과","공학","전기ㆍ전자ㆍ컴퓨터","응용소프트웨어공학",""
"14","글로벌IT학과(주간)","충북보건과학대학교","본교","전문대학","충북","충북","청주시","사립","주간","일반과정","공학","전기ㆍ전자ㆍ컴퓨터","응용소프트웨어공학",""
"15","디지털마케팅공학과(주간)","인하공업전문대학","본교","전문대학","인천","인천","미추홀구","사립","주간","일반과정","공학","전기ㆍ전자ㆍ컴퓨터","응용소프트웨어공학",""
"16","디지털콘텐츠과(주간)","한국폴리텍 I 대학 서울강서캠퍼스","본교","기능대학","서울","서울","강서구","사립","주간","일반과정","공학","전기ㆍ전자ㆍ컴퓨터","응용소프트웨어공학",""
"17","디지털콘텐츠학과(야간)","한림성심대학교","본교","전문대학","강원","강원","춘천시","사립","야간","학사학위전공심화(경력없음)","공학","전기ㆍ전자ㆍ컴퓨터","응용소프트웨어공학",""
"18","멀티미디어디자인과(야간)","서영대학교","본교","전문대학","광주","경기","파주시","사립","야간","산업체위탁","공학","전기ㆍ전자ㆍ컴퓨터","응용소프트웨어공학",""
"19","멀티미디어디자인과(주간)","서영대학교","본교","전문대학","광주","경기","파주시","사립","주간","일반과정","공학","전기ㆍ전자ㆍ컴퓨터","응용소프트웨어공학",""
"20","메타버스크리에이터과(3년제)(주간)","수성대학교","본교","전문대학","대구","대구","수성구","사립","주간","일반과정","공학","전기ㆍ전자ㆍ컴퓨터","응용소프트웨어공학",""
"21","모바일소프트웨어과(주간)","배화여자대학교","본교","전문대학","서울","서울","종로구","사립","주간","계약학과","공학","전기ㆍ전자ㆍ컴퓨터","응용소프트웨어공학",""
"22","미디어콘텐츠과(주간)","한국폴리텍 III 대학 춘천캠퍼스","본교","기능대학","강원","강원","춘천시","사립","주간","일반과정","공학","전기ㆍ전자ㆍ컴퓨터","응용소프트웨어공학",""
"23","방송음향기술과(주간)","대림대학교","본교","전문대학","경기","경기","안양시","사립","주간","일반과정","공학","전기ㆍ전자ㆍ컴퓨터","응용소프트웨어공학",""
"24","비주얼게임컨텐츠스쿨(3년제)(야간)","구미대학교","본교","전문대학","경북","경북","구미시","사립","야간","산업체위탁","공학","전기ㆍ전자ㆍ컴퓨터","응용소프트웨어공학",""
"25","비주얼게임컨텐츠스쿨(3년제)(주간)","구미대학교","본교","전문대학","경북","경북","구미시","사립","주간","일반과정","공학","전기ㆍ전자ㆍ컴퓨터","응용소프트웨어공학",""
"26","비주얼게임컨텐츠학과(1년제)(야간)","구미대학교","본교","전문대학","경북","경북","구미시","사립","야간","학사학위전공심화(경력없음)","공학","전기ㆍ전자ㆍ컴퓨터","응용소프트웨어공학",""
"27","소프트웨어공학과(야간)","배화여자대학교","본교","전문대학","서울","서울","종로구","사립","야간","학사학위전공심화(경력없음)","공학","전기ㆍ전자ㆍ컴퓨터","응용소프트웨어공학",""
"28","소프트웨어공학과(주간)","배화여자대학교","본교","전문대학","서울","서울","종로구","사립","주간","일반과정","공학","전기ㆍ전자ㆍ컴퓨터","응용소프트웨어공학",""
"29","소프트웨어융합과(주간)","경복대학교","본교","전문대학","경기","경기","남양주시","사립","주간","일반과정","공학","전기ㆍ전자ㆍ컴퓨터","응용소프트웨어공학",""
"30","소프트웨어융합과(주간)","숭의여자대학교","본교","전문대학","서울","서울","중구","사립","주간","일반과정","공학","전기ㆍ전자ㆍ컴퓨터","응용소프트웨어공학",""
"31","소프트웨어융합학과(주간)","경복대학교","본교","전문대학","경기","경기","남양주시","사립","주간","학사학위전공심화(경력없음)","공학","전기ㆍ전자ㆍ컴퓨터","응용소프트웨어공학",""
"32","소프트웨어학부(주간)","대림대학교","본교","전문대학","경기","경기","안양시","사립","주간","일반과정","공학","전기ㆍ전자ㆍ컴퓨터","응용소프트웨어공학",""
"33","스마트소프트웨어과(주간)","한국폴리텍 IV 대학 대전캠퍼스","본교","기능대학","대전","대전","동구","사립","주간","일반과정","공학","전기ㆍ전자ㆍ컴퓨터","응용소프트웨어공학",""
"34","스마트소프트웨어학과(야간)","대림대학교","본교","전문대학","경기","경기","안양시","사립","야간","학사학위전공심화(경력없음)","공학","전기ㆍ전자ㆍ컴퓨터","응용소프트웨어공학",""
"35","스마트제어소프트웨어과(주간)","경기과학기술대학교","본교","전문대학","경기","경기","시흥시","사립","주간","계약학과","공학","전기ㆍ전자ㆍ컴퓨터","응용소프트웨어공학",""
"36","영상&게임콘텐츠과(3년제)(야간)","부천대학교","본교","전문대학","경기","경기","부천시","사립","야간","산업체위탁","공학","전기ㆍ전자ㆍ컴퓨터","응용소프트웨어공학",""
"37","영상&게임콘텐츠과(3년제)(주간)","부천대학교","본교","전문대학","경기","경기","부천시","사립","주간","일반과정","공학","전기ㆍ전자ㆍ컴퓨터","응용소프트웨어공학",""
"38","영상&게임콘텐츠학과(주간)","부천대학교","본교","전문대학","경기","경기","부천시","사립","주간","학사학위전공심화(경력없음)","공학","전기ㆍ전자ㆍ컴퓨터","응용소프트웨어공학",""
"39","영상디자인과(주간)","동원대학교","본교","전문대학","경기","경기","광주시","사립","주간","일반과정","공학","전기ㆍ전자ㆍ컴퓨터","응용소프트웨어공학",""
"40","영상디자인학과(주간)","안산대학교","본교","전문대학","경기","경기","안산시","사립","주간","일반과정","공학","전기ㆍ전자ㆍ컴퓨터","응용소프트웨어공학",""
"41","웹응용소프트웨어공학과(야간)","동양미래대학교","본교","전문대학","서울","서울","구로구","사립","야간","산업체위탁","공학","전기ㆍ전자ㆍ컴퓨터","응용소프트웨어공학",""
"42","웹응용소프트웨어공학과(주간)","동양미래대학교","본교","전문대학","서울","서울","구로구","사립","주간","일반과정","공학","전기ㆍ전자ㆍ컴퓨터","응용소프트웨어공학",""
"43","웹응용소프트웨어공학과(주간)","동양미래대학교","본교","전문대학","서울","서울","구로구","사립","주간","학사학위전공심화(경력없음)","공학","전기ㆍ전자ㆍ컴퓨터","응용소프트웨어공학",""
"44","융합디자인학부(주간)","안산대학교","본교","전문대학","경기","경기","안산시","사립","주간","학사학위전공심화(경력없음)","공학","전기ㆍ전자ㆍ컴퓨터","응용소프트웨어공학",""
"45","융합소프트웨어학과(주간)","대림대학교","본교","전문대학","경기","경기","안양시","사립","주간","계약학과","공학","전기ㆍ전자ㆍ컴퓨터","응용소프트웨어공학",""
"46","인공지능소프트웨어학과(3년제)(주간)","안산대학교","본교","전문대학","경기","경기","안산시","사립","주간","일반과정","공학","전기ㆍ전자ㆍ컴퓨터","응용소프트웨어공학",""
"47","인공지능융합계열(주간)","군장대학교","본교","전문대학","전북","전북","군산시","사립","주간","일반과정","공학","전기ㆍ전자ㆍ컴퓨터","응용소프트웨어공학",""
"48","인공지능학과(야간)","경기과학기술대학교","본교","전문대학","경기","경기","시흥시","사립","야간","산업체위탁","공학","전기ㆍ전자ㆍ컴퓨터","응용소프트웨어공학",""
"49","인공지능학과(주간)","경기과학기술대학교","본교","전문대학","경기","경기","시흥시","사립","주간","일반과정","공학","전기ㆍ전자ㆍ컴퓨터","응용소프트웨어공학",""
"50","컴퓨터게임과(주간)","수원과학대학교","본교","전문대학","경기","경기","화성시","사립","주간","일반과정","공학","전기ㆍ전자ㆍ컴퓨터","응용소프트웨어공학",""
"51","컴퓨터게임과(주간)","용인예술과학대학교","본교","전문대학","경기","경기","용인시","사립","주간","일반과정","공학","전기ㆍ전자ㆍ컴퓨터","응용소프트웨어공학",""
"52","컴퓨터공학&그래픽과(주간)","대전과학기술대학교","본교","전문대학","대전","대전","서구","사립","주간","일반과정","공학","전기ㆍ전자ㆍ컴퓨터","응용소프트웨어공학",""
"53","컴퓨터공학과(스마트소프트웨어공학과)(주간)","백석문화대학교","본교","전문대학","충남","충남","천안시","사립","주간","계약학과","공학","전기ㆍ전자ㆍ컴퓨터","응용소프트웨어공학",""
"54","컴퓨터공학과(주간)","장안대학교","본교","전문대학","경기","경기","화성시","사립","주간","학사학위전공심화(경력없음)","공학","전기ㆍ전자ㆍ컴퓨터","응용소프트웨어공학",""
"55","컴퓨터공학과(주간)","충남도립대학교","본교","전문대학","충남","충남","청양군","공립","주간","일반과정","공학","전기ㆍ전자ㆍ컴퓨터","응용소프트웨어공학",""
"56","컴퓨터모바일융합공학과(야간)","경기과학기술대학교","본교","전문대학","경기","경기","시흥시","사립","야간","학사학위전공심화(경력없음)","공학","전기ㆍ전자ㆍ컴퓨터","응용소프트웨어공학",""
"57","컴퓨터소프트웨어공학과(1년과정)(야간)","부천대학교","본교","전문대학","경기","경기","부천시","사립","야간","학사학위전공심화(경력없음)","공학","전기ㆍ전자ㆍ컴퓨터","응용소프트웨어공학",""
"58","컴퓨터소프트웨어공학과(야간)","동양미래대학교","본교","전문대학","서울","서울","구로구","사립","야간","학사학위전공심화(경력없음)","공학","전기ㆍ전자ㆍ컴퓨터","응용소프트웨어공학",""
"59","컴퓨터소프트웨어공학과(주간)","동양미래대학교","본교","전문대학","서울","서울","구로구","사립","주간","일반과정","공학","전기ㆍ전자ㆍ컴퓨터","응용소프트웨어공학",""
"60","컴퓨터소프트웨어과(3년제)(야간)","경민대학교","본교","전문대학","경기","경기","의정부시","사립","야간","산업체위탁","공학","전기ㆍ전자ㆍ컴퓨터","응용소프트웨어공학",""
"61","컴퓨터소프트웨어과(3년제)(주간)","경민대학교","본교","전문대학","경기","경기","의정부시","사립","주간","일반과정","공학","전기ㆍ전자ㆍ컴퓨터","응용소프트웨어공학",""
"62","컴퓨터소프트웨어과(3년제)(주간)","연성대학교","본교","전문대학","경기","경기","안양시","사립","주간","일반과정","공학","전기ㆍ전자ㆍ컴퓨터","응용소프트웨어공학",""
"63","컴퓨터소프트웨어과(야간)","부천대학교","본교","전문대학","경기","경기","부천시","사립","야간","산업체위탁","공학","전기ㆍ전자ㆍ컴퓨터","응용소프트웨어공학",""
"64","컴퓨터소프트웨어과(주간)","부천대학교","본교","전문대학","경기","경기","부천시","사립","주간","일반과정","공학","전기ㆍ전자ㆍ컴퓨터","응용소프트웨어공학",""
"65","컴퓨터소프트웨어과(주간)","오산대학교","본교","전문대학","경기","경기","오산시","사립","주간","일반과정","공학","전기ㆍ전자ㆍ컴퓨터","응용소프트웨어공학",""
"66","컴퓨터소프트웨어학과(야간)","연성대학교","본교","전문대학","경기","경기","안양시","사립","야간","학사학위전공심화(경력없음)","공학","전기ㆍ전자ㆍ컴퓨터","응용소프트웨어공학",""
"67","컴퓨터소프트웨어학과(야간)","인덕대학교","본교","전문대학","서울","서울","노원구","사립","야간","학사학위전공심화(경력없음)","공학","전기ㆍ전자ㆍ컴퓨터","응용소프트웨어공학",""
"68","컴퓨터소프트웨어학과(주간)","경민대학교","본교","전문대학","경기","경기","의정부시","사립","주간","학사학위전공심화(경력없음)","공학","전기ㆍ전자ㆍ컴퓨터","응용소프트웨어공학",""
"69","컴퓨터소프트웨어학과(주간)","경인여자대학교","본교","전문대학","인천","인천","계양구","사립","주간","일반과정","공학","전기ㆍ전자ㆍ컴퓨터","응용소프트웨어공학",""
"70","컴퓨터소프트웨어학과(주간)","동서울대학교","본교","전문대학","경기","경기","성남시","사립","주간","학사학위전공심화(경력없음)","공학","전기ㆍ전자ㆍ컴퓨터","응용소프트웨어공학",""
"71","컴퓨터소프트웨어학과(주간)","동서울대학교","본교","전문대학","경기","경기","성남시","사립","주간","일반과정","공학","전기ㆍ전자ㆍ컴퓨터","응용소프트웨어공학",""
"72","컴퓨터소프트웨어학과(주간)","인덕대학교","본교","전문대학","서울","서울","노원구","사립","주간","일반과정","공학","전기ㆍ전자ㆍ컴퓨터","응용소프트웨어공학",""
"73","컴퓨터정보학과(주간)","신안산대학교","본교","전문대학","경기","경기","안산시","사립","주간","일반과정","공학","전기ㆍ전자ㆍ컴퓨터","응용소프트웨어공학",""
